model,MAE,RMSE
seasonal_naive(last_week),2.95992809289158,3.574374051643797
moving_avg_7d,3.8997304561054325,4.5533524924130555
naive_last,8.230633179499126,9.11432514090697
